Transaction Hash,Block Number,Timestamp,Gas Price (Gwei),Gas Used,Number of Inputs,Max Merkle Tree Depth
cba15316c4e0cecb6d548f3409dcf1d2cb0d54c929b7ed872b48c77649d0fa58,10058456,1728626399,0.045039962,872664,12,4
cdb6ddd95d8117c14169ba13651462ed35053f52d05d9ff7a9ffe82bc0a53279,10248964,1729165400,0.043146872,565331,1,1
03cf77b1ce16ee48fb82d367d5c78daa9c3a9cd2e1a6d6b07b0ef537f03150d3,10046555,1728590955,0.045123935,672996,5,3
e677c43f9299a07ab2fc42b853c56aa08b77de73b91c5254e2061421de4ee956,10143175,1728876916,0.041796985,688518,6,3
dfbfa74f593002a4700d2d34823929ab24c64d6dfa1862b8cd4637426e108d7c,10145721,1728884284,0.041097791,673088,5,3
67b73b27b904a771fa247e69d346218c3e50066020634499ded8610f09eabe48,10257720,1729188004,0.046290576,879643,12,4
80e9c352a78e577a9700c76b1728f1ac5364a80ff6784610e4f4e72a4afb7160,10138803,1728864001,0.040723182,872372,12,4
1e81003bc13ce1a50b8f9af5233eb294ed084751d6f4a609f3f64df3e82858a1,10069747,1728659413,0.049128068,551230,1,1
48aad5e30e844ded628bb9562e470bcb0d84d9602b2b4afa7fe58464594b5832,10032536,1728550799,0.041100316,879511,12,4
783ef4d37c96947560db18de407d6f951655e3036dcf2bfd56a3cf6562dbd2c5,10178155,1728976458,0.041163197,544299,1,1
3518256aec877081d5cd248fd184852bcd5202e5a9eb4970e1b004863ed84ef3,10187305,1728999650,0.043740842,551334,1,1
dc5060338c64c0ea857990684d1e3053462117e8a5b204bd3513f4d2b2c87273,10188906,1729003108,0.050010145,551174,1,1
55871bfcc138504d6bd503f165c6e6ab822f46c15aad80d698f82f26213cfe91,10020381,1728514799,0.044270035,862865,12,4
7dbbb7c5deb45f44eab5b6da5ba921926fc6cbca0d634f5d8205e2c0952b2394,10178159,1728976466,0.041163197,701224,6,3
40d40f2df98286b739ca8cbb13af6987e764275f0e16eb6bd6ddbe1b87c1326a,10042738,1728579974,0.043843047,558240,1,1
e8b8805e77cbf40a9a349daad9487d20e488c5062923306d4503958aa6037491,10187586,1729000311,0.044431975,679927,5,3
118d476f254f409dd84664540f8c887663cfc800330a345bc586387cc3cd740e,10022185,1728520202,0.043972245,865725,12,4
902e4391a583dc7d335446469f527c96dbaea5d985021d62ee5eade0303a0eba,10161684,1728928801,0.043749039,879534,12,4
67d59f62f29566fd2fd92b0f388a5448bd850600be3c3c1e4c4e0b01cbf057a0,10220576,1729087769,0.042418743,701328,6,3
59b5aace6b8d4d3e74b59bb2beb01a9916cf69bb397ec14a3a7f27ca7859b1a2,10186430,1728997409,0.044846015,672972,5,3
d0be746fcd4c3f161187ad21410a811b209f94a0be43d9a4bef1ee4dab5000dd,10143174,1728876913,0.041796985,585243,2,1
609956d2c115ade6c7f25a9c88febdd39f800e66a3d60d7076a3037ad175da09,10268133,1729215964,0.041407963,664591,6,3
b2dc14b6e2b5c264c5b69dad1b35e9de325db384e699aa8d9676288f1869d8f2,10191778,1729010045,0.043838478,627918,4,2
057ec66d3015d4c983668a6154fd5605fdca4ee12d795121bee1008776e2fa17,10046680,1728591316,0.043796523,551242,1,1
0d1fa7f4b426d9a9361ee05ef0b32704cd86b1c1294d70e8564f36f756c92457,10188391,1729002053,0.045241528,627998,4,2
b6639dee7e78a34431e14b597df6457c0c45fff7ea930aa32a55251e1a1eb899,10225894,1729101600,0.043037731,886561,12,4
ca174d6da87964a19e31dbef5b8fe5c4e1819e14aa7b6b9d281b9f033a25ad8d,10258272,1729189383,0.044279432,565331,1,1
8fa0756660038ddcbe9b2e99f492403e7293ee210356dc1e5735648cd6dcc9f7,10037190,1728564078,0.041410131,653071,5,3
7f308db29c598c09dfe2983906a5d05273cc0a115dca65786e36a9c4781576a7,10041388,1728576114,0.043867788,551162,1,1
c621a18f2f1ca9c224167aab95fba6e7c22ee709b9108505e2deb9077ca203a5,10189209,1729003756,0.048320489,544175,1,1
08f08b21a74ccd214183d265affc74907e38789980b7cfeb8975e7f850bd9bf2,10188927,1729003159,0.049879193,544219,1,1
8b810b495ecdefaf8f7a5a500783f9f4240c54be41136500922e63a85a2a14bb,10037594,1728565201,0.041578229,879710,12,4
722c53e60471a49f9a6b2711fb6ac542ce2bde413d00d7e911b23bf31c59c4f4,10019179,1728511201,0.042900594,890767,12,4
2a1869aaf8b1481518cca989c778ed088192b49ffe8db424f258d2fb75d0fc28,10017827,1728507268,0.052737038,666042,5,3
46b381f07377a96883df6f959eec8bfe526e8b67aa5225f4fe36796235174a36,10188769,1729002889,0.044520509,544231,1,1
c12347a78f5184dce42503ffd22c44625c3b60a5aaf6eb7691b49f1d9ed33294,10044070,1728583783,0.043472769,544219,1,1
326672c3bdc0f83bef2be51093bbb7d69625ac3fc61df2b43047fc7d0b2601bd,10208840,1729058400,0.040814316,872652,12,4
12f7a9e3f76137180cb76523642bfa7781acdbb4c30fc9e6087c1bb26036f3f5,10050251,1728601950,0.048819194,558172,1,1
c9e8faa5d8028ef43279ab94363a2169fcfe5d409edf6a78f7602beb6703bf92,10287369,1729263760,0.044643103,542538,1,1
a881252d142564ecf75d3a714d63fd1248cf62eae37ce21118b53caa68be1229,10254478,1729179422,0.042689238,701316,6,3
2c982e989493387166a38fc6c0f1d93b14d2443fc05b9bea8247ff45d0ccdf00,10221429,1729089735,0.042655192,558149,1,1
a0c9188f24b0dd17fa07a2265a5bb33ed7594c136f9b1c5af61543cac59fdde9,10017917,1728507470,0.051682453,571074,2,1
f840c1c56c31ac49b9f7d56d8ac7cb4f254112a629364a61d48add4b2726619c,10124071,1728820800,0.040985425,869700,12,4
1837bb30364d6fb190be2d1a8579d9adaa81a23dae425050f546300919ee3df5,10287325,1729263675,0.044971899,653148,5,3
8950e3089dcc71ad3e285c06dd6e862e2d15b64c6fd99061b2c7e74dfaf75c72,10156996,1728915752,0.046266938,551162,1,1
8d8e4985a67ad6a74c75d72cfc8a3f2f7d844f14e7524fb87e4383c43fcea618,10175812,1728969985,0.041044201,551138,1,1
d833232df02e88a557d63bf1d8766976395745b17cc6bae93a45f86b50e5ca02,10189531,1729004529,0.046146257,565227,1,1
9f831967663d4641091b796dc01b97960aaa408873ec30589fd8ba9b53bfd8f9,10017963,1728507601,0.05073539,879498,12,4
feddce56b17e2e542abab9bf2adc127895acf266acc1b8fc898a6b8a4197d5c3,10221424,1729089726,0.042655192,572329,1,1
5d1afae716ea10e547e053b047615b7d0841c15fba96a99b02c8e26f5500c60d,10219890,1729086258,0.042224646,544207,1,1
0ae743916efe38966acdf21d0e27d1d1eb2d06be440e933b04520504823594d0,10296954,1729282731,0.041242664,563569,1,1
bf75269088f9d73e98809e3fd9df6c2b23ebc0e768a7989d9638b90b5b4e7484,10187771,1729000671,0.044549688,660230,5,3
08e052116f7f440de789d58580b780a576efcc9d54878c4470b79400d6a73bc2,10157000,1728915764,0.046266938,565319,1,1
6654f5f30b3243e1d2ae60f27f2ecad99c12e39f90545761122a7bb70498d40d,10143634,1728878189,0.041537011,715773,7,3
cee6b25ee3303de301b02c899ba735a6161ba15fee09e56f192b5a9ed6880054,10187770,1729000670,0.045066606,544231,1,1
bd3a8150c61a4621d61e5c010f2e953a62349a89fd5047873a985704e4cd7c3f,10265604,1729209601,0.041515251,839973,12,4
7fb4d2e8c6c5ea48bed2f030d58d72fd7de2b2978c213e13428c1f0b7ae657f2,10220180,1729086850,0.041911592,558184,1,1
3fd76273acde979912c89d9af09aaeff495405f91f039b55d86b4d2c1067aa2a,10017257,1728505801,0.058299241,867100,12,4
0cf05c9fafbd4186e64b35c5fb576821f5c739800c4794afb6e8b894d619fc24,10254499,1729179466,0.042689238,558252,1,1
31247de9f66024f0171197be1b9ae008ccd5c1fb314ee81f11835dc4130a9d12,10065853,1728648000,0.042393279,865713,12,4
c285aca4ea5ac5cf3a3786ab4dad53071d0c18396195ee5e11fc4a122be3e90c,10156198,1728913577,0.045320924,538407,1,1
695a1bb6b7705cda7d559de25ba6a456623d2b995af4c80490a1b004f14adb95,10027009,1728534602,0.045058395,876734,12,4
b6c6f5f9f787be3a209d73f627c9a2875070984943c38e1e36f56b1c0d8a32d6,10044216,1728584195,0.043266795,551322,1,1
74d39f41809c79ff4583f0b329614675b0bd53d91807a067bd2900d6ee7279bf,10068196,1728654847,0.047813446,558264,1,1
d6d4025bdc8b7545930f16a9d1cfdd7196382126bb5b058f842a2479af46e6bb,10268458,1729216608,0.041642005,542514,1,1
ede3bd9ee806a82e046bc222a6c5fedadb050aace5f0dd11389bb6bd8bb4ba8b,10021583,1728518401,0.042879271,865341,12,4
ed521f6d8e8024d1968ff7c855c358321a8749ce60038c77f6170b2514ac75c9,10176526,1728972000,0.040994929,872488,12,4
49a29891b9d5da88dae2e9eb8692e94e66c7cb457a40f8fe0d71fcb55ff9070e,10233521,1729123201,0.040565523,872596,12,4
292c9d9b5b10272bdb80922a6aefeb846bf56bc6f35b112451f6c9b3eb5dbe05,10143359,1728877422,0.041687439,558240,1,1
f06c1903d50b579c6cf03586954712e4c602d7de7b70e14ccf5cc121391ec85a,10098437,1728744568,0.044736543,545430,1,1
f9b424f27cc3f0aa7575e17fc400c5f8aef23d1259dc7ab05338b7c00e5a6ad9,10136457,1728856991,0.041579771,565331,1,1
f11300d54d2ce4d08ab1f6b4f177e313fd6c4d148fb725c50f9baf97690773d5,10063797,1728641937,0.042444927,544243,1,1
3a40238142d8195ac98659bdb08cef1b64f3b46dcfd0867ccf8be8a29b5b7765,10040131,1728572401,0.043720986,865561,12,4
ead571ce30232f8422c0c55412e6271db099be35358df891569c03475483cd8a,10167847,1728946704,0.041408815,558252,1,1
68a6736d5d79251331f928991587aa96519a93133e77eec9d241448e63a10b66,10189038,1729003355,0.048999277,565159,1,1
4bb1ed7e0e522b06e9f69e0dde05c3c494bf67d91d5dbc206a24390c39be8f80,10042592,1728579577,0.043750691,572181,1,1
218c4445273d23b083d85e5d7545d52147cb5433c2bde094fd81d4ef7c3756f4,10051201,1728604799,0.052694661,886585,12,4
b3f4c487af16868005f4672d02d16c962d346529bf7c45a7a43aac335f159130,10160921,1728926598,0.044084109,558252,1,1
e991d161dfd875ad049c4d16b232e5c34730f771888b91e8d42278d407cd564f,10026405,1728532799,0.040993744,872404,12,4
985d8e9b36a77306d0b00426b64e26de821c7f54397dcc73e3e8dabf095f1f1e,10043680,1728582742,0.041347551,558252,1,1
fc95cc30f5a708807f2db9425379aee4cde665ff7e95bdef8fa50fcf49798eb9,10157436,1728916875,0.046791186,687307,6,3
935f82a62a05956ef7b4f1bce069d3624344f3b509c5eec63687b8a6bbcef622,10183782,1728991154,0.04194723,565239,1,1
d2a2c1d1b2509c4efa56969835cd3dc86014dc527fe5517d0e37f610a99845f4,10017691,1728507017,0.051822237,627918,4,2
7c8ae3d960694b0c6df663313969d99ea33037da2e105f3e368ff400c5634751,10035678,1728559800,0.042027917,886525,12,4
362f669286e16e9f243dfc79e9ee0a2256eee496dcbc3592c6c168677bde58b3,10116717,1728799202,0.040623023,879582,12,4
cd83bc42566e5b4add4214450aea42a2398392e02f5f34f9cc800db756b889c1,10287367,1729263758,0.044643103,535619,1,1
a52ed860825b141c44236d44765136b664c83dbe587f2d02b458459430db3c23,10045877,1728588952,0.046139049,551162,1,1
a84a26ad96cf5d7b4988076e5b0a9ab25c9e4b1510c42f05b8f69dde41815f30,10188908,1729003114,0.050010145,558217,1,1
586abee07a005faeaf4cb6296bf063160e550416eddbb10a41397a9935714639,10167892,1728946826,0.041427172,558216,1,1
79ea715cb3c1406fb4e0acfb05e04d22a29cf61ce2a604eed4f7cb5bf0000556,10073176,1728669600,0.043170397,879638,12,4
1623fcf1f7ea338d09d3f9e7a66d127cb3e0ad72fe2bae55ed7843239bb1eb9f,10282184,1729252801,0.044437625,840123,12,4
4f4126d082539972f73e4ed0c9841b30bf58b8ef262273d539ebfbb661d5e446,10031909,1728549001,0.040898622,865725,12,4
0994b58f30ea50f942075f746b4f2764ba5759c72d43e0ecdd4a5d0ae596b4a1,10175981,1728970432,0.041282575,551138,1,1
efa951a3c1f5dda4fbede50c99de681047da92c9b3497af202df5cdb01ebac7d,10186434,1728997416,0.044418066,558308,1,1
fb3acfa432a0c3f1c96751c7e032a174e87df0c73ff3b0e58393b13819f9a77d,10188629,1729002580,0.045026371,558204,1,1
3fb02b1b729166f5f1cae9b55da0398f03eab26fd0dcdf78fa5bc8462297461c,10191757,1729009996,0.043838202,544243,1,1
7eb363026c849b7439628a1e5004fed3766e2d9081ada43abfe872e0f2dbb8ef,10156198,1728913577,0.045320924,694306,6,3
dfdf06192c0197573269b070ac3f2a3d73d688cbd792302c1435dfb03adb82ac,10187589,1729000315,0.044431975,558160,1,1
8b51c1e0a2e9f242925691482fb7d6effeaa28db515e29cd85e7012941b5d817,10191449,1729009246,0.042410652,565171,1,1
e739a75d30354c114b04ff18cc0fab092b1e0a66c3dd6b9c0b2c179379cc32f8,10068630,1728656109,0.048246885,544243,1,1
2e626937fb63ae982b5bfd119d5fcdbd65d9f44e26195dfccccfd949af58a076,10183964,1728991595,0.041862481,551310,1,1
c813ea8d397c65b08f5942edbd65286d184324c853b20835fe3c7326b84ee554,10188762,1729002879,0.044520509,627918,4,2
01edcc1db7a23dd98e9b131661fb8037d412e44359237c58a55c6d69fa6a0f8b,10191799,1729010094,0.044145139,565263,1,1
b17541495086f2497c9b2c9db91556add545042bb7ac13b32d67e8f6d40a3008,10189712,1729004914,0.046350569,565239,1,1
5919d898a3f4106573c1da41ea933cf8e70807c501ddb8b0c94963e5dd10266c,10220770,1729088234,0.042939426,558229,1,1
8179319f6b99c2c4dd901936691e8e963871c19895791355408f6e78a3fb7488,10017711,1728507040,0.052456191,571130,2,1
9efeae0a575f41b6d432e5f7a488c797582dc8118418787e2f56cdc2f5979409,10191743,1729009961,0.043324245,558228,1,1
1eaaeed44d895d9045ab92e750c335fce617fc8bc258a5879c51684012c595d0,10201367,1729036802,0.041277005,872596,12,4
ff8b5d361055ed609fbdb4c99aaae7f9064182173ba00d4a3f706fa0d1fac0ca,10046568,1728590993,0.044789128,551254,1,1
5b99d5f62a17d41e59867d0eb6fa8c654aa7e92d3e484a8fb87f10b2303f1934,10190260,1729006265,0.044904821,538419,1,1
31a21dad47152998274aa5ed803291362536df05b102c3aae984c3911459b99f,10024599,1728527400,0.041725438,865373,12,4
c3b30bdeb003ca189de7ec9b0e0b885aacb613ddcaa91316b8aa74cbfedb72f8,10046467,1728590691,0.045981038,572273,1,1
135cf763ec2725b0064655b7740f279a9e3f1f8f60aae5de8ee85691eae511fe,10310596,1729317602,0.040979892,833228,12,4
f1a679ec01f37f824ef42369a7704cb6c98467aa433d5a27c363d6a5ec809929,10102282,1728756001,0.049291765,865549,12,4
ac0800321b04837a908b7a8b794957db089e805f3bb06f59c74de9b0d88115cd,10036297,1728561601,0.041349346,869820,12,4
93a8f6a0218e52719f5e90c552ac64c8e353cac9d902c56685ee68e94fca4e76,10136517,1728857165,0.042533958,558252,1,1
26e864b4de6914a3035f185f5e10abed6d86d091830a743567481576f13861a0,10173489,1728963331,0.041694172,544311,1,1
4dfd5c75ab5cd60c345370a2fb376484ad6f37795c57978341522ac07057be18,10219779,1729086030,0.042274473,551254,1,1
d3b255b4b349d5eae167241e3ef7ced8e3505c39809303a9307b3a2e109b3811,10317847,1729339199,0.040565463,833028,12,4
7813876b86e339807e756c37daa041ae45c2a9fe40aa5b1799c19c68437530da,10029431,1728541802,0.040842636,865457,12,4
efbc1865f5f2b9b7b47a7fd9b5523ecbe35826f971ec856f2a8ad5176bd3de8e,10020981,1728516599,0.044900385,879570,12,4
5cc728245789dd21042702ec264d9df3d1cd6d23d1259577c4e0a20bd482e58a,10188751,1729002862,0.044520509,572261,1,1
0f198b2914dfd46f04fa9a965c956e1d9a4451ca53d5f7e284d003a6f1004217,10144793,1728881539,0.043380386,701248,6,3
6e6b26f8f19c3112e29e25ba1ec0c52d80f2e0f7dd4052fc87375c1033122bf4,10190273,1729006288,0.044546871,558264,1,1
a117d2d1525e479a9d5722ffadb000c7d2f69fdbd9596089d826e3c0432ff98d,10034419,1728556201,0.040793943,893615,12,4
143a4009488f409aff8f7be0e53effe64eccee51e24c5ba444ee851c8dcdd429,10217232,1729080000,0.041951006,886389,12,4
92c9138e0a4c6a33d23f22f6eee68ff9d4b4a40cdbf845f157ebc23c1ff6f4a3,10168731,1728949324,0.041540307,686981,5,3
32f671b8a15802c4c291a2e8ba5d9c88549d12e1a98f2c8eef12b6cdaf9b717c,10187816,1729000750,0.045304272,544231,1,1
fa6d90347bf07b626561fa35fc6eebee1a65c071ce04fa29ddd64c1f809985b0,10144424,1728880446,0.042116706,544163,1,1
4f022d80d33b4bd73758933f2cd669cdd744b1e6d346bc61afcd0e488ad69906,10188439,1729002168,0.045525055,572249,1,1
1a5fe8bbf3eceb4bf14dd345b73faf2c6e700f1449c3c5c6fe0b6e55e1acf3da,10285636,1729260459,0.047061123,535607,1,1
4f1af3962596f6cae79ea08b7074a3bf6f9ff2ea7eb428a2e48424870c53998c,10332267,1729382402,0.042174094,826089,12,4
8e2be409f399827038d5ff49a61d83494927bc80c6dc2679980bd7926575aa27,10016651,1728504001,0.043396611,872356,12,4
1003ced0ebefef326faf39383838fd8dbf9aa8a5e703a4897d4fc3b38b7bc319,10219952,1729086376,0.042467996,665894,5,3
f00b01c9de8c91a38804df76d657769343e4df83b420de477d68d9895bc959f5,10031289,1728547200,0.040849415,886561,12,4
8fc99a125a9f2141e2e081fff45cd599a7e53f53ebe8bbe4b232e066b1a88538,10023994,1728525599,0.045604487,865445,12,4
a620cd5d3f7288b59eeee19e881d5eedd08a0aa779528a901eee88c5f7a0cdc5,10019780,1728513002,0.042232137,883789,12,4
9c4f01725d52128a772f589dc3d2fc3b46eab3010b56429de94ac187785ac59b,10216297,1729077713,0.040820569,558320,1,1
b80704b9e556f4db42aea28607f89cb897c8e1f19b5cbb0c25ed04920008a092,10183754,1728991093,0.042227981,627838,4,2
abe8b41bc57708622173c4e005ebf7a7cbeff38fa2e3b47e6c9a550fa9069671,10157009,1728915787,0.046266929,687239,6,3
3a217ebe0191ccdc0620da5c72ebc9ec3cfcbd9e97dfc7edd94c00b519f2af40,10167865,1728946749,0.041247321,544231,1,1
59b5436a9e4361073d39d8682477efb3987d4658e58025f64df6911a1669eb96,10016275,1728502885,0.043769195,1522232,12,4
d3b373af65d892d6f51f537fb8205c7dfd0053d6748a70b7642efbe377e533d2,10153929,1728907202,0.047355545,886581,12,4
17bb174e36ddb0ef5cbd48ef01eb09845ea215916ef4ce68c76a2dbd1a7bdec7,10023386,1728523800,0.045446761,865481,12,4
0303f14ea4b98a64b2402f976397aea3bc9eec5d24b5e0f852c456541da00491,10193718,1729015201,0.041447503,879626,12,4
4c0c921d09695a9f5de4411526351528a53de334550c6fdea79f4d63dc17a4f6,10296648,1729282085,0.041865291,646138,5,3
e889f1222bbd9e369a733a1a466bb68fa42e374336d13a3bed901dc371a3b06f,10037189,1728564076,0.041410131,558320,1,1
adec2f9690c89507d3403b67818eb2465222287700a147d9fc00fe5d16df6f25,10157473,1728916970,0.048422662,551322,1,1
deecd6c55452682352a621ecf81a9ebc5656388e45d003939aeefa3cf9c51c1f,10254479,1729179423,0.042689238,552416,1,1
756dc5322fb0a4e194c0667eae03f7db86bce7c4a2bebb1999be9f4a7c506187,10038882,1728568802,0.0416173,879502,12,4
def317e0ddd4426219d8f345315d79c1331e28acb556ee34b1e71f0b6ffb27f2,10325065,1729360801,0.045103842,840298,12,4
a4c8a72756197ce74a14bc810e3f79d4a489b3d28bad99d92c1da7c239f79ef7,10188564,1729002436,0.045980223,558320,1,1
f23ad77d0ce689548375e40940869e3b60079e1abf6977a2d49f9cee858c14d2,10049611,1728600041,0.047497935,558184,1,1
8e749d6b46cac9aebea0943e9d20a19eb557b01d3e4176a5524390f85696e454,10036919,1728563401,0.041306558,876783,12,4
e3e10e998b447ce269d48ded28f0404d00bbf52e46e88a2d6da4559778d38a53,10188919,1729003144,0.05,551230,1,1
7157613f5a51385f9cfd321a22794d5434a48f179a3ee18243736859b56253c6,10188263,1729001812,0.045714874,551242,1,1
a677dd10a957e854e8d974efb14605a428cf43a318b5961a196f82c9917f69a4,10131519,1728842399,0.041046592,886661,12,4
b724dbe9d126ba6fd92cdc2a29de74459cb4e616fc1f8e4efcbb28a89ee3d5da,10098437,1728744568,0.044736543,558321,1,1
b2d080f71328e81e89ae5463307a3b97d2d7021df74ebe157ac40a444cfe0fd5,10025201,1728529201,0.041016837,876782,12,4
a68e30f96c654bae4aa1aa5d9ee597e6bb6092f120e08edb0dd50a8e31a54c1a,10094956,1728734401,0.041638997,879559,12,4
9d0d1897ae035c6eb9832cdc7898aca6a97af5c258bb8de65190e7f1782f43dc,10033792,1728554400,0.040865997,872492,12,4
bc5dd2a7ed61700f9c85fcbacded9f25f957fdc14ea5f8f53d58bff006fef653,10087635,1728712801,0.041163351,876802,12,4
62c82a221bfcd4bd9259b9b33394b4237562d99c5b238a923e4e56e4cdad8dad,10136458,1728856994,0.041579771,687331,6,3
127c555bb6f3609a72b072e957b29adbe8bc03bba55bb785853d95a116da057b,10146184,1728885601,0.040712429,879582,12,4
204c4f46986f029389e0b5a1f4fabac0873bbf3ad9c97aba5aad96cb8904c341,10187679,1729000504,0.044357049,544163,1,1
8b9f69741e169a4ea719130f00cea956c6bbcbb5eb8707fd73eae750ac4110af,10261191,1729196895,0.04182546,552440,1,1
2e5f650c86e22d4ad7b0a5847e13ddd9bdffca989ea6e07ed349b794c351bd41,10042739,1728579976,0.043843047,687061,5,3
2d4e42816a1dd9455f36533fbabc374e1c9cc75ee3205b4323df6631185ed641,10190267,1729006280,0.044546871,641971,4,2
fe973e367e6859d4ad39941e5f9e1a418ae5178ee155e7c9cc61ed8a2b8734a8,10188893,1729003082,0.049184922,641903,4,2
0a3c17c49b0ae3bf8124bc469c213af1a534722ba3fc9431fdfab2a6c6abedf5,10040738,1728574201,0.045640433,879566,12,4
1d683ce88d9f691854549372f94275ca65d3d340876ca58db29323b63c88cb99,10109497,1728777602,0.044643789,865501,12,4
f99180dbe7c98df803d739709cd61441239cea427d9a7dde0399b6cffde7864d,10069747,1728659413,0.049128068,695505,6,3
47977c71676810e676c61f4267918e87f67a032bf5a69680132b0393bc479d4e,10065386,1728646627,0.041353746,558240,1,1
2548e945e00a3e9ae788f98e7d51082096262a312a5fb197ed5c5db1ab713313,10025802,1728531000,0.040842821,869736,12,4
5586ded8b2516540d4c85471c0cca91eb15745286dda6be77b1b7b1536ab0a8d,10030667,1728545399,0.040814914,872688,12,4
41d4fe01715bc7be69bdf6606b7b9b1e79fae0a2ef61ef2ad7c524bfb7c0b6cb,10221773,1729090552,0.04258049,551174,1,1
e543252ca05ae3a29892b7f5a5e715de91c1d705a76d721083c103455b5cc939,10254461,1729179399,0.042689238,551162,1,1
e6b19a9a04567d6e4b77a53fd16242913a112b1ffa57b1ec8fdbe1e4f33113ed,10292953,1729274402,0.041847855,840179,12,4
d2707b6cd134304251467f15f73e4ceee94d3e931a5b73ec2b2ccac03f6e6155,10294264,1729277116,0.041700519,556559,1,1
910faa3a614a939d119ecc2d78756e489e221497af74ede14c94b82aede4046e,10190294,1729006333,0.044941005,551174,1,1
0c28aba7601cec043d791e4663d35ae4e4d42f50e8c542d9eda32d2c8e8bf41e,10187494,1729000108,0.044160793,572237,1,1
6a7b3b1db0c28987b44c83d417e25c40254f4ae08676c619907aebb8fe08c087,10192622,1729012239,0.043082658,572181,1,1
2ddaaa658bba4f169067c7651b023813d452ec82d4843a040f762e3c19904d0e,10028212,1728538199,0.040965971,879443,12,4
843ea16d682e03274bccff09f01e614aaa8c229ec055ddf67b74c4c06b53de99,10148672,1728892562,0.041215158,558228,1,1
ef4b317a5907344bdd89b10461e3b1155a5ee158de8c89696e58011308b4b5db,10035034,1728557999,0.040449662,886425,12,4
d260a1494b4066c098c3cf0e5de59dc1fb00b141e4cb655d43ff845a98edfba5,10022785,1728522000,0.043737701,874074,12,4
b52020fd972079310c5e7ec4a2a926c5b38e1310288bec8f3581af0b4374376f,10030049,1728543602,0.040562362,893571,12,4
f156ca4b683fdbb5cd109b0048c81462a0ae2133b1a897e091a82c18c3aa2677,10261187,1729196887,0.04182546,559323,1,1
80b16905c6f9919c2043bafa6bd1c1ee734a6bc62672c20d60e5b3c9048b9425,10189645,1729004795,0.045777234,558149,1,1
1451690aea70a2f565529a47a0ea9649ab43374cac514f11c6c261303bd62cd2,10221445,1729089774,0.042346273,672881,5,3
addd1c1d38baaf88331f7245dd90820cce8406cf93cadd047ab3c0c82323a0e4,10038225,1728566999,0.042712697,862853,12,4
c65b742e9d1334f7e292e066fa28ea2bc7c17ae0b81d8c2b35362e0856c1051e,10053561,1728611812,0.046969445,687343,6,3
477bbbd6b4acfced98830ac5c63398cf5bbfb1ed2b13170d72d49dc4d056e421,10285672,1729260537,0.047183512,549708,1,1
bcbb23d42afafcba292d599811fc6607f9b856c001ed641997fe2a5ba4f277ee,10189632,1729004777,0.045777234,648858,4,2
ff6ce696dd549f8fd7b325895e1a9e73825259b86e3a258cd1365f15d4881d0c,10039511,1728570601,0.04323463,879466,12,4
7912ef5eaf8238fe34a009af7ce90ae1db8410461b22ec185a25e65d2f25c475,10080406,1728691200,0.049453985,872452,12,4
bd85e9960e3ca8e0e29dc74d69bc3f384dd3af5e06063401997c32b645901ab8,10296696,1729282188,0.041865291,535515,1,1
0696ab51735e612dac687eb30f1713ff6ddb87758b984be2dd8810d52022e81d,10220563,1729087752,0.042418743,565239,1,1
ca189d15022203c4e529b0b70a34ff20d6b6af83346b3d557840467229f612c4,10053545,1728611766,0.046969445,558149,1,1
3cb9684fa4c0e9f51bcb3d589c1c0e0ebaf2d498163c0908572c0a9a3aef4621,10157435,1728916875,0.046791186,565215,1,1
00d0358b1912a39c55b0304f52324f5d3335ee62e63727c8ad70a0602a45d6fb,10189747,1729004995,0.046661208,551230,1,1
fc328eeeab2e524866ba0200b2c2e45cda324c62439b61b153f0b4561cc7e5b7,10258137,1729189035,0.045234315,655936,4,2
83deefd64c345e00f1c345f4b87a41e56b08f2327c5b544bc51a016d54f5dfed,10157474,1728916971,0.048422662,538419,1,1
3ddbbb9269497a6a0aa99bb1557feccf9446c27a877372b9afbe92aa3f3f2f98,10188478,1729002243,0.045461604,558332,1,1
6f5d55e0d17c40418f4a1af941be41897406181cc3263ff773d5f028f156aaa2,10169091,1728950400,0.041600479,886501,12,4
102db1d52e98db601b97cdbe1165dbe8c32c6bac2527ecc9cc519963cf0e04e7,10041388,1728576114,0.043867788,667160,5,3
818c08ef940cff185213fc0b86936b918b9e97d1ac07228667fd7f6819ee994f,10187397,1728999868,0.043751596,558252,1,1
37ce5a7bfea46744adcd2f4669df8e7eae2cd83bf026bc69ac69892d6d882dfa,10268492,1729216683,0.041501833,556559,1,1
da047ccaa75156717ca8be49227ca572b79bc6c68266b47b278bdb40685e7727,10148558,1728892245,0.041029633,544311,1,1
d1b0b702e8f005f9b5df94795bc7970e0505e3ae57a4e38c22e042bd39671948,10143626,1728878166,0.041464057,551242,1,1
2b665e051d06a7772be71b3c75533c6b956030128054ee6cbd1a7b248dad84ca,10268135,1729215968,0.041407963,563545,1,1
a45c835110bda2cce52dbc49a7db66efcf9e1b7f7405a75adb7cacde877d47f7,10187547,1729000230,0.044149769,565227,1,1
d093c02a13b32b961928473db6beea29a779d728843439096d7b1f748ea22403,10187861,1729000840,0.045610307,551322,1,1
2ccef734598a73049086ad44a53a3f740d9fdaaf42a5a9b0fbcf2d2fbb43cbcf,10028825,1728539999,0.043125464,865569,12,4
860773f7fae0a6680a334e648e3ee6644a2771451f3d2399fc5da6015a3d8ac3,10249105,1729165765,0.045947073,572261,1,1
b9bfbb33be666cc4bf15fbdd5bb7c9cae4027e4cea0946a80f68082c9cd1ccfb,10184829,1728993601,0.041984306,879370,12,4
412a8a780f6fff9758591df9df1cc5777ff6f91ee772c6b5d618e202672ecaea,10098432,1728744558,0.044736543,673040,5,3
3f56ba89130be6ef0962494ba6813d5a20c424bf38f26c784fc25e9c4c373185,10145742,1728884342,0.041330364,551150,1,1
5bfd9bff0fed62c4a2e1fa7b7688d1429fff53947d77a03403ae8cdf879cd1e4,10043856,1728583201,0.04271816,879526,12,4
c069e753ed4874cea17818f370d55f39c1bb1300ffd56679e01c20a85d0b22cb,10044137,1728583967,0.043655894,551138,1,1
6456023fabff88ba57e00aa82a427a01d2884ca4d4c45b2ce214179a0cf85658,10294265,1729277118,0.041700519,685623,6,3
05d89d9aa32da8228ae5082c4f52de665f1c368f68b88ea84ad67570fe4e5bf2,10339479,1729403999,0.047903461,833136,12,4
79159c9727514aee4c3f99c8a12f4d6babdea5139cd1595953b6ecabcf3a4b02,10183872,1728991372,0.041964407,551322,1,1
93f371668ee8dc3494716d03bc4a98de85a601b4aaf38be3227c861e337f031c,10070695,1728662208,0.044288941,551162,1,1
bed508289ff5d9508acb824dfa7130b70a560b244ddaf9d140f0a939816d8371,10041439,1728576221,0.044111172,558149,1,1
237163c310c71fecfcbcbaf3cd7e3a3af72ca1f492d68d9aef68edebde66fde1,10175812,1728969985,0.041044201,665870,5,3
006331a6c70e23c0e9d51042e4a5fa01ce5b16c961e2e49e58a8e4d8660bc42c,10018577,1728509399,0.048653051,872572,12,4
8c9a0f79fb92874a5b419737b2d79acb189159989c81d3f97c111cd80b8cc85c,10258212,1729189222,0.044760572,551334,1,1
7115e6539e478ebe80fe5509c2030f92be6626439b748d45c89dfc7ed32e7dc1,10142894,1728876146,0.041374731,672984,5,3
04bd4baf5dd23145cd95fc4e211c90c234317f453419f4764595d0cff13941ed,10249333,1729166401,0.046337315,869644,12,4
98d664f981473b22897f8f1c5a74e25daf916d40915855ba50ebe99b637c8ec0,10167905,1728946864,0.041667047,701432,6,3
5a81fe1edf193ff1eb5bfc7483111daa4250f96c7e73daedb5ff0b6989e561aa,10235789,1729129875,0.040590189,687319,6,3
62811c7f554b35490883dfb362a9bbefa700a8d1b816e533d7db9a2269a60e6d,10156967,1728915674,0.04704606,565331,1,1
7c851c205f8b4d0d8828cb04e88a197f90b20e9e7e45b42138c00bddc219ddc5,10187697,1729000532,0.044357049,565331,1,1
d324af37dac2f8aafc665edc6d5144cb71cdad95cbc2e2889b9631e74b82fcae,10043706,1728582805,0.041347531,544163,1,1
73697d60014ad681d352aeca76fdad653d83c20dcb0b29ab6631c4ee0c4c35ca,10071629,1728664990,0.046940701,558332,1,1
6299524c866f953d0ac540e7e17b195455cb883669072e15ae155707712f1f92,10033167,1728552599,0.041273488,872476,12,4
c8bb9bdeae10105e36b542229e6bee1268a9d9358e581c6eaa615e53ee4f1c60,10261083,1729196621,0.041853878,635009,4,2
47e4ba3d0feeb75a3abfdc860c6458ee509dde1d7db5f3a85b9b07e89084e52e,10248712,1729164736,0.041790831,672857,5,3
1b54b3d32fa3e3ae39ab711218d2856ff2e43378047984cdc3436513b6eeb318,10190259,1729006264,0.044904821,585199,2,1
2aea025801be2b37bf39aeba2c6c763adbb10d3575e1be659f0db172a9f8b355,10303360,1729296001,0.04051803,837334,12,4
fda952a588bf816e2a27575a53bb15b1adcca59e7eaafb8c6a2f1a8e0085006c,10235794,1729129885,0.040590189,558320,1,1
15cd2f8761b7b5fa4b65bc033dc4013734dd47e77fbb0ce776134815d83551fe,10192631,1729012254,0.043082581,648822,4,2
4723a64f89aca1b078dc3577688fe945b2ef844073c399952645b59d5c3f4be7,10143168,1728876899,0.041831529,558252,1,1
b5934681ba2a724d3e08cfcf3a29410cb9c4aaa0ce95d95990fb7bce2ece7d69,10191880,1729010297,0.044377285,572353,1,1
e86b1580b40d1f8200897ef689c4693133883dd69f7c9120c9edf1bb6373237f,10219885,1729086249,0.042224646,551230,1,1
d195b8f8119b2add706b58cd8c19e845060bc0f28cfbf2558b53ea302d8c0084,10241080,1729144799,0.040733199,879467,12,4
8835bd5d4302aefa55b881a353114b2bacab2429f1d73b927f423d3a359c3ef7,10216387,1729077951,0.04074693,551310,1,1
13d4a9f9efddc5987d48c7038635ea7a5aa51a74cee077df7e5aa3937054145c,10044075,1728583797,0.043459836,544243,1,1
af9de1b32462d18eb2b03e0160b2af082e17fb68388298e24d6ef0fb5d935d1b,10027610,1728536399,0.041793071,893447,12,4
6554be1de420766319fd3194ca272f2b11c763b22b33c8543ce022942cd10242,10141321,1728871502,0.041992945,665882,5,3
2c95ff7f5748b83c6b1b9e538d37fb009bd6aca19bfaf299c2ef5c60daa265fb,10273499,1729231199,0.051481227,840250,12,4
50e0d6164d8b32c7f8a3c1dc32133d5bf111b1017f25891dddd7ddad0dbcf2af,10189110,1729003529,0.049161588,565331,1,1
a53ede86270004865e87788ad50b72f792a0622a2b9363d0dd9368c586a9b852,10187165,1728999281,0.043707213,551150,1,1
8b40202116cbb5542fb40296bf663f4b3a4aa124f8493fcdf4db302d56376f73,10044065,1728583771,0.043472769,658999,5,3
7a495722b61a0de0ebba42a77fc80c2bb3523a39e188fe790b047dbbe125b6de,10220751,1729088208,0.043186112,558229,1,1
f10e4374992ef79e5ba91995c21c03e9e412c51288928b01969b10c4809feb06,10174231,1728965434,0.041113187,544219,1,1
